member_id,ssn,first_name,last_name,date_of_birth,gender,address,city,state,zip_code,phone,email,plan_type,payer_id,effective_date,termination_date,created_at
MBR766563,229-18-1680,Margaret,Johnson,1959-02-02,F,600 Jeffery Parkways,New Jamesside,VA,55488,479.540.2654,curtis61@example.com,PPO,PAY0004,2024-05-31,,2026-05-17T23:16:36.323414
MBR802729,748-59-8786,Sarah,Munoz,1995-04-20,F,1849 Ray Squares,North Donnaport,NC,10959,516.647.5255,lynchgeorge@example.net,HMO,PAY0003,2023-07-23,,2026-05-17T23:16:36.324504
MBR356702,705-72-3599,David,Ford,1958-09-29,M,30564 Jason Port Suite 376,Thomasberg,IL,32826,001-388-249-6965x3287,hernandezernest@example.net,POS,PAY0003,2026-02-04,,2026-05-17T23:16:36.325399
MBR771088,480-68-4120,Jennifer,Brown,1966-05-06,F,184 Rodriguez Mews,South Aaron,MO,95147,001-248-728-1489x3252,xsmith@example.com,PPO,PAY0008,2025-11-27,,2026-05-17T23:16:36.326024
MBR913694,088-94-7963,Cynthia,Allen,1978-12-25,F,227 Joseph Well,Brandtside,CA,99495,001-234-565-7871x3315,adrianzimmerman@example.org,PPO,PAY0001,2023-09-16,,2026-05-17T23:16:36.326682
MBR520651,073-66-3900,Darryl,Whitehead,1998-11-15,M,738 Jennifer Ports Suite 376,North Collin,NC,56999,(566)970-1065x133,robertramirez@example.org,HMO,PAY0003,2024-10-11,,2026-05-17T23:16:36.327328
MBR694731,101-07-8857,Shannon,Jones,1995-05-12,M,32677 Michelle Circle,South Aaron,NJ,51674,274-768-7234x309,williamsthomas@example.net,PPO,PAY0007,2025-09-17,,2026-05-17T23:16:36.327978
MBR774079,071-77-1114,Brooke,Yu,1945-10-29,F,1939 Christine Manor,Sarahborough,MA,88283,001-353-346-2475x107,williamanderson@example.com,PPO,PAY0008,2024-02-29,,2026-05-17T23:16:36.328672
MBR881177,449-70-4957,Shirley,Suarez,1965-07-09,F,841 Joseph Coves,West Juan,MO,28108,001-253-748-7401x640,danagreen@example.net,HDHP,PAY0003,2024-08-01,2024-12-01,2026-05-17T23:16:36.329678
MBR549245,115-10-2443,Jessica,Thornton,1978-07-18,F,9826 Bobby Lakes,West Jasonbury,MD,87917,858-269-2322,jillcook@example.com,POS,PAY0009,2023-06-01,,2026-05-17T23:16:36.330484
MBR245051,274-21-1772,Rebekah,Shields,1995-07-19,F,73375 Hoover Well Apt. 303,Murphyland,IN,37086,(386)885-0142x940,jessica56@example.net,POS,PAY0009,2024-06-05,,2026-05-17T23:16:36.331243
MBR214975,195-33-0728,William,Wilson,2001-08-02,M,88356 Stacy Isle Suite 148,Elizabethmouth,PA,53244,001-248-623-6629x946,jason99@example.net,PPO,PAY0006,2025-10-28,,2026-05-17T23:16:36.331977
MBR503457,524-61-2781,Erica,Ramos,1986-05-08,F,8951 Emily Fork,East Andrew,WA,32593,391.876.9367x6320,gregoryrubio@example.net,HDHP,PAY0008,2024-04-12,,2026-05-17T23:16:36.332811
MBR680099,468-18-7613,Julie,Grant,2002-10-22,F,9868 Merritt Summit Suite 743,Katiehaven,TX,64018,+1-434-571-4345x5812,tbenson@example.org,HMO,PAY0005,2023-11-21,,2026-05-17T23:16:36.333430
MBR456699,426-08-3389,Amy,Russell,1977-04-19,F,9096 Smith Knoll Suite 668,South Jeffrey,NY,57626,206.356.2729x8069,dtaylor@example.org,EPO,PAY0005,2025-05-09,,2026-05-17T23:16:36.334044
MBR103402,335-44-6212,Amber,Gray,1954-10-11,F,4170 Zoe Keys Apt. 100,East Mary,NC,81940,(732)471-9374,stricklandfrank@example.com,HDHP,PAY0009,2025-04-22,,2026-05-17T23:16:36.334690
MBR211579,694-49-6499,Brian,Johnson,1961-08-08,M,93149 Laura Port,West Amandastad,MI,09539,950.967.1657x26284,lpetersen@example.com,HDHP,PAY0010,2025-10-27,,2026-05-17T23:16:36.335272
MBR899550,286-58-3996,Frank,Sanchez,2003-12-23,M,965 Troy Islands Apt. 735,Matthewview,IL,73349,9839136783,fmcguire@example.com,HDHP,PAY0001,2023-09-28,,2026-05-17T23:16:36.335846
MBR612340,596-48-7754,Daniel,Holt,1961-03-18,M,8557 Parker Fort Apt. 351,East Javier,TX,63965,298-494-1343x524,brandon08@example.com,HMO,PAY0007,2026-03-13,,2026-05-17T23:16:36.336482
MBR972064,106-02-9406,Melissa,Martinez,1999-06-22,F,7752 Johnny Wall Suite 116,Joneston,MI,20388,(594)813-1869,tkerr@example.net,PPO,PAY0002,2025-06-17,,2026-05-17T23:16:36.337190
MBR694916,625-95-1626,William,Torres,1982-08-20,M,341 John Plaza,East Aaronmouth,FL,90858,+1-574-803-4471x349,stephensdeborah@example.com,HMO,PAY0003,2023-08-18,,2026-05-17T23:16:36.337945
MBR897549,610-96-9326,Samantha,Jones,1951-09-01,F,1746 Mason Park Suite 190,Navarroview,MO,03891,939-990-4902,howard96@example.net,PPO,PAY0001,2024-09-05,,2026-05-17T23:16:36.338705
MBR676510,419-43-5261,Robert,Costa,1972-05-11,M,56746 Shawn Island,Marcusfurt,IL,67950,9879603859,harrisandrea@example.com,EPO,PAY0004,2024-11-07,,2026-05-17T23:16:36.339462
MBR665492,646-78-3921,Jessica,Wolfe,1948-08-21,F,8086 Jeffrey Ville,South Staceyberg,OH,65824,001-548-446-7737x826,hillkristy@example.com,EPO,PAY0005,2023-06-30,,2026-05-17T23:16:36.340280
MBR781446,290-93-4892,Gina,French,1958-07-22,F,78755 Gibson Islands Apt. 396,Port Kimberly,VA,06221,976-262-7028x95171,robertpena@example.org,POS,PAY0008,2023-05-20,,2026-05-17T23:16:36.341178
MBR335612,710-51-1316,Angela,Harrington,1958-05-30,F,865 Brennan Camp Apt. 343,South Tiffanyville,FL,58654,(840)405-0455,amandaknight@example.org,EPO,PAY0002,2024-10-23,2026-02-19,2026-05-17T23:16:36.342063
MBR341292,635-88-3946,Christopher,Miller,1999-08-20,M,237 Stevens Shores Apt. 748,North Scott,MD,45794,001-346-547-4367,karmstrong@example.com,PPO,PAY0008,2024-12-31,,2026-05-17T23:16:36.342700
MBR761759,282-02-9273,Willie,Phillips,2006-12-03,M,743 Robinson Field,Ericaberg,CA,82846,604-770-9521,ithompson@example.net,PPO,PAY0006,2026-03-04,2026-04-11,2026-05-17T23:16:36.343378
MBR446479,851-22-4211,Shawn,Diaz,1974-07-10,M,5171 Karen Fork Suite 851,Smithside,FL,16700,754.596.5137x098,reidsteven@example.net,HDHP,PAY0005,2024-07-13,,2026-05-17T23:16:36.344258
MBR608993,039-39-8072,Eric,Ortiz,1949-11-20,M,38267 Santiago Summit,Matthewsberg,OH,54880,+1-317-796-4053x7735,bruce43@example.org,HDHP,PAY0006,2023-07-26,,2026-05-17T23:16:36.344836
MBR698782,218-83-9784,Travis,Holloway,1946-08-12,M,53293 Maria Plaza,New Jason,MD,31040,729-504-2284x21020,alfred40@example.org,POS,PAY0006,2026-03-11,,2026-05-17T23:16:36.345366
MBR946721,488-58-5932,Patrick,Fox,1991-02-12,M,8390 Ellis Burgs,South Melaniechester,AZ,90429,477-611-5921,oscar98@example.com,PPO,PAY0009,2023-08-23,,2026-05-17T23:16:36.346191
MBR551989,874-84-9034,Jesse,Jacobs,1947-02-15,M,7365 Ross Stream,West Ronaldview,VA,49561,(471)211-1615,elizabeth65@example.net,POS,PAY0009,2026-05-11,2026-05-11,2026-05-17T23:16:36.347648
MBR864491,295-77-5120,Teresa,Henderson,2002-09-12,F,98327 Melanie Keys Suite 149,Port Roy,CA,74027,001-499-480-9402x44550,vjones@example.net,HMO,PAY0005,2023-08-04,,2026-05-17T23:16:36.348450
MBR455784,386-54-7433,Wesley,Davis,1976-06-22,M,54599 Nicole Drives Apt. 901,Scottchester,NY,64157,+1-976-643-8156x149,walkertracey@example.org,PPO,PAY0006,2024-04-15,,2026-05-17T23:16:36.349303
MBR570405,783-33-4743,Adam,Turner,1954-10-01,M,07622 Patel Forks Suite 160,Smithland,PA,41534,001-769-466-4160,xcollier@example.org,POS,PAY0001,2023-12-16,,2026-05-17T23:16:36.350085
MBR361941,411-68-1289,Jeffrey,Rodriguez,1970-01-08,M,5352 William Crescent Apt. 552,North Dwayne,FL,26357,(992)712-7799,edward17@example.com,POS,PAY0007,2025-11-16,,2026-05-17T23:16:36.350781
MBR666847,520-10-5086,Mark,Hogan,1980-08-14,M,0054 Deanna Walk Apt. 998,Fordside,TX,97352,2799359782,shepherdmary@example.net,HMO,PAY0002,2023-08-12,2025-02-08,2026-05-17T23:16:36.351657
MBR609231,725-57-7200,Bradley,Lucas,1943-01-14,M,5466 Shelton Center,Cameronville,TN,73634,+1-364-649-2519x25462,vschneider@example.org,PPO,PAY0006,2024-06-04,,2026-05-17T23:16:36.352268
MBR272634,540-12-6938,Meagan,Calderon,1990-08-25,F,54235 Lee Dam Apt. 141,Lake Matthewberg,WA,78783,(622)929-2706x5379,amandacollins@example.com,HMO,PAY0010,2026-04-15,,2026-05-17T23:16:36.352882
MBR922157,452-60-4617,Stephanie,Lee,1986-07-14,F,862 Laurie Dam Suite 075,Lake Meghanville,MA,37864,924-778-2613,perryrandy@example.com,EPO,PAY0004,2025-10-19,,2026-05-17T23:16:36.353428
MBR865990,029-41-1624,Cynthia,Vang,1965-11-20,F,20472 West Avenue Apt. 043,New Shelby,MO,80308,961.243.4103x69711,jennifercarter@example.org,POS,PAY0010,2024-04-29,,2026-05-17T23:16:36.353943
MBR328275,681-86-1403,Lucas,Allen,1968-09-20,M,88888 Peter Mountains Apt. 654,West Kristinastad,CA,32105,001-419-352-0585x2772,mjohnson@example.org,HDHP,PAY0010,2024-03-02,,2026-05-17T23:16:36.354494
MBR159942,528-51-8898,Rick,Blackwell,1961-11-07,M,0345 Michelle Isle Suite 156,Paulfurt,CA,44939,(877)458-4161,manuel15@example.net,HDHP,PAY0009,2024-09-09,,2026-05-17T23:16:36.354962
MBR994141,171-89-7273,Elizabeth,Griffin,1989-03-18,F,0596 Fowler Turnpike Apt. 165,North Douglas,IN,80136,+1-770-721-3556x90927,khines@example.org,PPO,PAY0003,2025-03-08,,2026-05-17T23:16:36.355403
MBR184002,256-15-0425,Joseph,Sanders,1984-07-29,M,8681 Hampton Squares,Lewisport,IL,91462,631.621.7271x5518,jenniferho@example.net,HMO,PAY0005,2024-07-22,,2026-05-17T23:16:36.356726
MBR346629,206-18-3879,Christopher,Ward,1955-08-20,M,58957 Cheryl Corners Apt. 467,Hammondshire,WA,10167,(451)477-8528,dshaw@example.org,HMO,PAY0006,2023-11-21,,2026-05-17T23:16:36.358091
MBR141672,727-29-5670,Joseph,Torres,1951-05-25,M,43842 Mendez Course Apt. 992,Lake Claudia,WI,79817,690-601-0943x96907,zsanchez@example.net,HMO,PAY0006,2024-09-29,,2026-05-17T23:16:36.359284
MBR692683,162-57-6810,Jennifer,Chavez,1987-03-27,F,3592 Hensley Island Suite 625,West Johnville,IN,35559,732.510.4696x325,tyronerobertson@example.com,EPO,PAY0009,2023-08-18,,2026-05-17T23:16:36.360030
MBR850981,518-59-3945,Sherry,Jimenez,1946-07-03,F,500 Simpson Ville,Mitchelltown,NJ,14590,(624)356-5060x98358,wgordon@example.net,PPO,PAY0008,2025-01-16,,2026-05-17T23:16:36.360604
MBR804318,122-17-1585,Diana,Hays,1986-09-04,F,5852 Carrie Locks Apt. 002,Lindahaven,MI,60399,(698)725-9526,terickson@example.com,POS,PAY0008,2025-12-21,,2026-05-17T23:16:36.361146
MBR176066,427-75-5041,Robyn,Richardson,1986-03-24,F,749 Jennifer Prairie,Jacksonfurt,TX,19870,+1-930-291-3075x62636,aprilhoffman@example.net,POS,PAY0002,2023-11-03,,2026-05-17T23:16:36.361747
MBR323508,546-44-8951,John,Bennett,2005-06-23,M,497 Susan Harbors Suite 344,Lake Janet,IN,42056,258.644.1986x6524,reedscott@example.com,EPO,PAY0007,2024-02-10,2026-01-24,2026-05-17T23:16:36.362464
MBR172132,278-72-4451,Paul,Lewis,1996-09-18,M,99330 Dana Center,South Markfort,GA,13679,+1-520-282-6773x45401,robertmonroe@example.org,EPO,PAY0010,2025-08-30,,2026-05-17T23:16:36.363415
MBR974244,767-38-0614,Yolanda,Sanders,1974-01-31,F,9915 Gibson Row,Smallberg,MO,66589,543.415.2742x054,gwilcox@example.com,EPO,PAY0005,2024-03-01,,2026-05-17T23:16:36.364654
MBR681542,489-42-4065,Brandon,Caldwell,1952-12-12,M,6374 Turner Stream,West Desireebury,MI,08643,+1-417-942-6841x45933,spencerzhang@example.com,HMO,PAY0008,2023-12-21,,2026-05-17T23:16:36.365603
MBR212235,822-86-3579,Jason,Dunn,1972-05-31,M,918 Rice Lake,New Danielside,MO,66756,598.922.5871,nolansean@example.org,PPO,PAY0003,2025-08-29,,2026-05-17T23:16:36.366219
MBR320861,060-72-7576,Jody,Palmer,1971-06-17,F,064 Julie Prairie Apt. 065,New Virginialand,NJ,62376,8468226567,vegadorothy@example.net,PPO,PAY0003,2025-10-09,,2026-05-17T23:16:36.366822
MBR363319,551-51-8665,Brandi,Dalton,1948-06-12,F,300 Ford Stravenue,Patelbury,CA,32942,352.343.1069x033,griffinemily@example.org,HMO,PAY0006,2024-02-18,,2026-05-17T23:16:36.367466
MBR146228,553-28-0925,Dana,Williams,1970-03-31,F,439 Ray Trail,Joelberg,TX,87036,836.744.0892x68705,trussell@example.com,EPO,PAY0007,2024-05-15,,2026-05-17T23:16:36.368017
MBR374680,308-91-2366,Clinton,Medina,1956-10-09,M,86688 Paul Glens Apt. 517,Christopherborough,IL,07256,769-690-1398x373,lewisjames@example.net,POS,PAY0010,2024-05-01,,2026-05-17T23:16:36.368682
MBR217308,713-78-3351,Autumn,Key,1972-12-18,F,85467 Parker Lake Suite 717,Robinstad,FL,41516,(709)532-0489x96423,phudson@example.com,PPO,PAY0010,2024-05-27,,2026-05-17T23:16:36.369377
MBR710805,782-63-8038,Juan,Harding,1963-05-07,M,52287 Sabrina Plains Apt. 801,Port Adamberg,MO,83168,912.903.8750,smithandrea@example.org,PPO,PAY0007,2024-06-19,,2026-05-17T23:16:36.370121
MBR423232,515-90-7055,Alice,Bowen,1976-10-30,F,18233 Ochoa Grove,Millerfurt,VA,60662,001-833-941-0166,walshjacqueline@example.org,HMO,PAY0002,2024-08-04,2024-08-17,2026-05-17T23:16:36.371575
MBR361650,580-13-8654,Kathryn,Hamilton,1993-10-01,F,39740 Gabrielle Harbors,East Sarahmouth,NY,02553,892.761.4293,icampos@example.net,EPO,PAY0002,2024-10-12,,2026-05-17T23:16:36.372451
MBR885884,055-13-7162,Misty,Mason,2006-09-04,F,59996 Johnson Groves,Henrystad,PA,72988,(862)496-1943x1142,gstewart@example.org,PPO,PAY0003,2024-11-04,,2026-05-17T23:16:36.373138
MBR950155,105-17-1431,Aaron,Parker,1964-11-12,M,7888 Garcia Corners,Angelamouth,IL,50994,4468618398,dominicturner@example.com,POS,PAY0006,2024-07-09,,2026-05-17T23:16:36.373705
MBR448321,307-62-1261,Charles,Jackson,1959-02-26,M,3799 Stephen Dale Suite 065,Brockmouth,AZ,58201,969-524-5937x52654,nicholas65@example.org,PPO,PAY0004,2025-03-01,,2026-05-17T23:16:36.374125
MBR835343,185-88-9013,Tara,Gonzalez,2008-03-28,F,737 Guerra Cliff,Chambersberg,NY,83513,834-226-6179x7968,jacqueline89@example.net,POS,PAY0006,2025-09-10,,2026-05-17T23:16:36.374568
MBR333238,681-46-2726,Thomas,Rodriguez,1957-04-07,M,656 Alex Green,New Julie,OH,73638,001-493-775-6798,webbkenneth@example.org,POS,PAY0006,2026-03-03,,2026-05-17T23:16:36.375064
MBR933980,320-44-7461,Audrey,Shepard,1950-01-06,F,757 Samuel Square,Floresport,GA,06357,001-810-951-2382x825,laurensoto@example.org,PPO,PAY0005,2024-11-08,,2026-05-17T23:16:36.375795
MBR517821,203-58-9703,Martin,Reynolds,1942-05-12,M,0334 Barbara Union Apt. 553,Wilsonfort,NJ,69669,+1-659-369-6915x5792,lawrenceallen@example.org,EPO,PAY0005,2025-12-25,,2026-05-17T23:16:36.376622
MBR392683,429-77-2259,Clayton,Steele,1975-02-19,M,2782 Tracy Dam Apt. 579,Port Michaeltown,VA,64019,(936)988-7676,christopherjohnson@example.org,HDHP,PAY0010,2025-01-09,,2026-05-17T23:16:36.377193
MBR984642,173-59-9268,Dorothy,Hill,1976-12-16,F,819 Joseph Plains Suite 807,South Curtis,MO,86179,001-834-407-4517x13395,kristenli@example.org,EPO,PAY0007,2024-08-07,,2026-05-17T23:16:36.377752
MBR373903,332-91-4795,Kelly,Patel,1980-12-27,M,481 Sydney Turnpike Suite 042,East Dustin,IL,42718,367.329.4667,rrobertson@example.net,HDHP,PAY0005,2025-08-30,2025-11-03,2026-05-17T23:16:36.378286
MBR725550,596-01-1527,Taylor,Wood,2005-01-14,F,518 Robinson Meadow Apt. 745,Matthewshire,AZ,17618,001-475-900-1701,bsmith@example.org,EPO,PAY0008,2025-06-13,2025-10-18,2026-05-17T23:16:36.379376
MBR636265,310-21-4490,Whitney,Blankenship,2000-05-27,F,541 Beck Run,North Randy,NY,40544,001-936-211-0371x2938,dominguezlisa@example.com,POS,PAY0006,2026-02-19,,2026-05-17T23:16:36.380368
MBR843215,092-94-1679,Michael,Woods,1955-12-15,M,5426 Darlene Springs,North Alyssa,AZ,01611,+1-427-353-2697x311,bbell@example.com,HMO,PAY0010,2025-01-01,,2026-05-17T23:16:36.381024
MBR173372,255-71-9847,Richard,Wright,1984-03-29,M,043 Julie Hill Apt. 376,East Victorland,NJ,69744,4559269658,smithcarlos@example.com,HDHP,PAY0009,2023-09-24,,2026-05-17T23:16:36.381772
MBR230679,519-37-8210,Cindy,Livingston,2004-12-06,F,6188 Joshua Inlet Apt. 832,Peterland,MI,41155,001-663-403-1617x990,smithderrick@example.org,HDHP,PAY0008,2025-01-24,,2026-05-17T23:16:36.382628
MBR442027,802-93-4248,Carla,Benton,1975-12-19,F,2410 Roman Groves,West Jennifershire,WA,82752,777-485-0792,kerri91@example.org,EPO,PAY0007,2025-07-28,,2026-05-17T23:16:36.383241
MBR797229,251-06-7730,Patrick,Smith,1998-10-22,M,2208 Walker Gateway Suite 541,Davidton,WA,24008,380.961.7445,woodkelly@example.com,PPO,PAY0003,2023-06-05,,2026-05-17T23:16:36.384662
MBR974224,506-99-3202,Nancy,Sanchez,1965-06-08,F,06038 Fields Square,West Aaronfurt,TX,97242,001-541-838-3670x2410,stephen19@example.org,EPO,PAY0003,2025-11-21,,2026-05-17T23:16:36.387070
MBR923927,607-73-1021,Kathy,Walsh,1967-03-18,F,234 Rosales Unions Suite 557,Jesusborough,MD,18341,001-991-621-2775x61853,hbaker@example.org,HDHP,PAY0001,2023-09-10,,2026-05-17T23:16:36.388148
MBR563638,714-78-0661,Brooke,Parks,1996-08-10,F,2135 Palmer Springs,Jorgeburgh,OH,04574,(478)583-1712x1003,owatson@example.net,HDHP,PAY0003,2026-05-15,,2026-05-17T23:16:36.389103
MBR934692,023-09-3240,Angela,Willis,2002-10-21,F,15107 Gary Ports Suite 670,Vegaburgh,IL,46893,524.647.2099,jjenkins@example.com,HMO,PAY0004,2023-09-10,,2026-05-17T23:16:36.390032
MBR763686,205-83-8615,Amy,Ramirez,1949-09-18,F,806 Castillo Tunnel,Coopershire,WI,66350,564-420-5930x40785,wrightjohn@example.net,EPO,PAY0005,2025-02-26,,2026-05-17T23:16:36.390880
MBR887625,590-50-5814,Robert,Stark,1944-03-06,M,39559 Jade Knoll,New Stacy,GA,65018,+1-542-270-1039,nsmith@example.org,EPO,PAY0002,2024-04-21,,2026-05-17T23:16:36.391589
MBR254511,061-03-2421,Robert,Peterson,1952-06-13,M,85156 Matthew Islands,East Jessica,TX,57762,+1-475-428-9539x2644,rushstacy@example.com,HMO,PAY0004,2024-09-30,,2026-05-17T23:16:36.392113
MBR740967,187-78-5214,Samuel,Townsend,1978-12-28,M,917 Mark Club,West Toni,FL,22506,+1-215-870-4331x5410,koconnor@example.com,POS,PAY0003,2023-07-06,,2026-05-17T23:16:36.392549
MBR703634,104-62-9471,Katherine,Gray,1977-07-13,F,71040 Green Cove,West Georgefurt,OH,21591,001-418-215-9970x6296,riveraterri@example.com,POS,PAY0007,2024-12-20,,2026-05-17T23:16:36.393060
MBR254739,272-85-4613,Melissa,Bowen,1990-01-18,F,10698 Hernandez Lake Apt. 614,Gonzaleztown,TX,27626,(641)371-4677,ylopez@example.com,HMO,PAY0002,2025-09-02,,2026-05-17T23:16:36.393579
MBR943170,270-29-4401,Chelsea,Williams,1970-04-19,F,11586 Angela Ville,Cardenaschester,IN,70691,+1-479-337-4160x89899,kthompson@example.org,POS,PAY0002,2025-05-08,,2026-05-17T23:16:36.394023
MBR989545,700-56-3309,Robert,Martinez,1969-03-09,M,451 Paul Locks,Melissahaven,NY,60552,3993861622,floydmikayla@example.com,POS,PAY0002,2023-09-15,,2026-05-17T23:16:36.394446
MBR800005,586-78-7751,Shawn,Baker,1984-12-06,M,46299 Williams Isle,North Julie,IN,35704,(705)644-4713x247,fjacobs@example.org,HDHP,PAY0008,2025-06-09,,2026-05-17T23:16:36.394834
MBR564071,778-67-6127,Jessica,Mcintyre,1968-01-31,F,214 Taylor Vista,East Jamesborough,WI,08054,807.305.3457,allentracy@example.com,HDHP,PAY0009,2025-06-07,,2026-05-17T23:16:36.395269
MBR674485,359-45-2680,Cassandra,Harrell,1980-04-23,F,140 Williams Walk Apt. 333,Denisehaven,MA,03129,001-707-922-9034x94466,jeffery48@example.net,PPO,PAY0001,2025-09-19,,2026-05-17T23:16:36.395819
MBR888295,864-48-9199,Jennifer,Garcia,1975-03-08,F,1715 Davidson Wall Suite 443,New Kathy,GA,07942,+1-565-720-7446x660,ginalittle@example.com,EPO,PAY0001,2026-03-10,,2026-05-17T23:16:36.396361
MBR387936,866-22-9147,Susan,Powers,1974-11-24,F,1724 Stacey Isle,East Michaelport,MA,55613,554-394-7170x99917,amoreno@example.org,HMO,PAY0007,2024-08-25,,2026-05-17T23:16:36.396783
MBR452161,351-53-9330,Shelby,Hernandez,2007-11-26,F,52175 Lawrence Centers Apt. 743,New Kathy,NJ,64670,001-712-296-6667x60083,katherine83@example.org,HDHP,PAY0009,2024-03-23,,2026-05-17T23:16:36.397141
MBR342495,899-45-5114,Michael,Sims,1957-04-22,M,68942 Madison Hills,Stephenhaven,WA,78668,556.225.7532x60332,daviddawson@example.org,PPO,PAY0002,2024-05-02,2025-10-22,2026-05-17T23:16:36.397583
MBR527398,050-77-0786,James,Bowman,1992-11-09,M,001 Wallace Crossing,Thomasberg,NJ,27435,001-304-661-8499x261,glovertyler@example.net,HDHP,PAY0002,2025-08-24,2026-04-23,2026-05-17T23:16:36.398025
MBR316881,367-91-6714,Christina,Baker,1975-12-22,F,08737 Young Bridge Apt. 197,North Kimberly,AZ,10337,001-714-737-4470x1204,grodgers@example.org,POS,PAY0005,2024-03-25,,2026-05-17T23:16:36.398420
MBR902784,337-46-7172,Adam,Taylor,1984-06-01,M,155 Daniel Locks Suite 467,Banksburgh,MD,15319,(402)816-9797,cheryl27@example.com,POS,PAY0010,2024-02-05,,2026-05-17T23:16:36.398843
MBR468845,671-41-0203,Ashley,Jenkins,1943-07-03,F,588 Ryan Stream,South Michael,MI,89144,+1-962-789-0028x7721,markramirez@example.net,POS,PAY0003,2023-08-23,2024-10-02,2026-05-17T23:16:36.399307
MBR870319,081-59-7278,Courtney,Schneider,1967-10-26,F,77517 Curtis Loop Apt. 880,Port Cassandraport,MO,67129,+1-937-755-0375,wwilson@example.net,HDHP,PAY0002,2024-05-16,,2026-05-17T23:16:36.399686
MBR386193,820-38-8974,Daniel,Peterson,1996-11-05,M,102 Taylor Stravenue Suite 149,East David,AZ,51998,973.951.6091,tamarasmith@example.net,POS,PAY0007,2026-01-25,,2026-05-17T23:16:36.400128
MBR801364,495-66-2904,Anthony,Mcconnell,1997-06-15,M,216 Gordon Lights,Pettybury,WA,36361,(554)572-2698x4858,claudiaroberts@example.com,PPO,PAY0005,2025-11-10,,2026-05-17T23:16:36.400582
MBR752483,183-65-8889,Tammy,Anderson,1988-09-18,F,158 Aguilar Shores Suite 846,New Danielfurt,MO,19549,6035424420,howardshaun@example.net,HMO,PAY0004,2026-02-19,,2026-05-17T23:16:36.401206
MBR795205,761-83-9196,Shawna,Stevenson,1999-03-24,F,84066 Frye Spur Suite 800,Jamesmouth,TX,30064,+1-359-889-3347x2122,pattersonangela@example.org,HMO,PAY0004,2024-04-29,,2026-05-17T23:16:36.401729
MBR584125,727-20-0655,Candace,Singleton,1940-10-04,F,9094 Tyler Plaza,Charlesmouth,IL,69365,828.318.2688,jeffrey35@example.com,HMO,PAY0005,2024-10-11,2025-10-08,2026-05-17T23:16:36.402119
MBR321941,544-61-9197,Heather,Robinson,1991-08-05,F,57399 Susan Springs,Patrickville,MA,51078,584-708-5887x704,vaughangary@example.net,EPO,PAY0008,2026-01-01,,2026-05-17T23:16:36.402550
MBR497542,645-28-6951,Kim,Sims,1954-09-20,F,86120 Love Camp,North Brianview,NC,73650,793-246-6766,inunez@example.org,POS,PAY0003,2026-03-23,,2026-05-17T23:16:36.402941
MBR593152,047-90-1190,Margaret,Montgomery,1991-10-26,F,144 Juan Mill Suite 607,New Jeffrey,TX,98379,(884)324-5088x2100,jason53@example.com,HDHP,PAY0003,2025-11-11,,2026-05-17T23:16:36.403308
MBR466960,189-29-4141,Taylor,York,1950-01-25,M,29087 Kelly Cliff,Coreyshire,GA,64358,652-431-4913x57759,lindsey62@example.org,HMO,PAY0009,2024-01-22,,2026-05-17T23:16:36.403658
MBR359295,447-36-5890,Erik,Floyd,1988-11-02,M,577 Howard Inlet,Arnoldburgh,OH,85114,+1-814-528-3411x080,arnoldamy@example.net,HMO,PAY0003,2026-02-05,,2026-05-17T23:16:36.404137
MBR596564,229-99-9661,John,Rowe,1965-04-08,M,78816 Shaw Shore Apt. 928,South Erik,NY,74734,001-627-750-3731,bradclark@example.com,HDHP,PAY0001,2025-01-15,,2026-05-17T23:16:36.404623
MBR368690,041-84-5310,James,Hardin,2000-05-13,M,844 Nicholas Lane,Brianaland,VA,68221,463-986-5577x908,jerryrobertson@example.com,PPO,PAY0001,2023-07-28,,2026-05-17T23:16:36.405083
MBR271720,735-16-3774,Daniel,Lopez,1965-01-09,M,1777 Brittany Rue Suite 030,New Brittany,MI,18159,+1-280-692-0242x8699,robinsoncatherine@example.com,HMO,PAY0006,2025-12-07,,2026-05-17T23:16:36.405566
MBR703766,616-19-9547,Sean,Jackson,1996-11-17,M,842 Nielsen Ranch,East Nicholasberg,WA,14731,9382862912,davisdonna@example.net,POS,PAY0006,2025-02-13,,2026-05-17T23:16:36.406025
MBR824161,442-67-6893,Joshua,Smith,2004-03-09,M,86376 Chapman Streets Apt. 624,Cannonland,GA,37629,+1-886-543-0098x180,robert12@example.com,HMO,PAY0008,2026-04-05,2026-05-06,2026-05-17T23:16:36.406480
MBR729577,434-73-5991,Marisa,King,1998-07-22,F,636 White Points Suite 449,Kimfurt,NY,96941,(713)272-1386,paulfields@example.org,HDHP,PAY0008,2025-08-26,,2026-05-17T23:16:36.406928
MBR549186,091-09-4311,Rodney,Ruiz,1981-03-22,M,1906 Mendez Pike,Jenniferton,VA,23474,+1-477-203-8430x9883,john02@example.org,HMO,PAY0009,2025-03-23,,2026-05-17T23:16:36.407302
MBR540463,416-76-3282,Yesenia,Chan,1964-05-28,F,118 Barber Points,Michaelview,TN,30162,+1-337-669-0426x818,stacey84@example.net,HMO,PAY0005,2026-03-22,2026-04-29,2026-05-17T23:16:36.407684
MBR766459,387-73-7924,Robin,Andrews,1987-08-13,F,7790 Wilson Cliff,Schultzbury,MA,89225,001-835-765-8804x341,spencergregory@example.com,PPO,PAY0009,2025-04-03,,2026-05-17T23:16:36.408187
MBR647091,765-88-3116,Heather,Shannon,1958-09-07,F,333 Clark Flats Apt. 952,North Samanthafort,NC,80956,6809759579,traceymoon@example.com,HDHP,PAY0008,2024-02-24,,2026-05-17T23:16:36.408697
MBR965845,539-55-7837,Jennifer,Christensen,1949-02-06,F,562 Bray Square,Stewarttown,MD,02050,+1-936-791-5594x28434,ivan63@example.com,EPO,PAY0003,2023-08-09,,2026-05-17T23:16:36.409124
MBR971084,287-58-2948,Mercedes,Watson,1998-07-06,F,314 Angela Walks,Gonzalezberg,FL,62496,6266728857,rosshannah@example.org,EPO,PAY0009,2025-01-28,,2026-05-17T23:16:36.409643
MBR587282,099-58-5484,Cindy,King,1997-06-19,F,5884 Smith Crossing Suite 939,Port Justin,MD,43111,+1-887-371-6947x22569,martinjeremy@example.com,HDHP,PAY0003,2026-01-19,,2026-05-17T23:16:36.410228
MBR618317,405-35-7290,Marissa,Page,1981-07-27,F,987 Jackson Walk Apt. 234,East Garrettville,NJ,13025,678-400-6811,penanicole@example.com,PPO,PAY0010,2026-02-11,,2026-05-17T23:16:36.411088
MBR936587,130-17-8631,Crystal,Rojas,1970-07-13,F,05577 Dunn Dale,New Carla,NC,83213,001-796-888-4578x3174,eric00@example.net,EPO,PAY0010,2026-01-14,,2026-05-17T23:16:36.411747
MBR835244,481-69-0137,Robin,Charles,1963-10-11,F,4064 Laura Plaza Suite 368,Fosterburgh,NC,94209,001-666-834-1638x9448,melissawhite@example.com,HDHP,PAY0008,2024-08-04,,2026-05-17T23:16:36.412423
MBR300337,718-80-8061,Brian,Gibson,1971-03-09,M,0208 Jacob Cove,Josephmouth,FL,95804,6319207356,steven05@example.org,PPO,PAY0010,2024-07-12,,2026-05-17T23:16:36.412814
MBR894993,795-51-1170,Sarah,Lynn,1944-03-09,F,34601 Paul Mills Apt. 037,New Elizabethborough,GA,62475,(245)520-8814x7435,youngryan@example.org,POS,PAY0007,2024-07-03,,2026-05-17T23:16:36.413269
MBR118080,809-32-0147,Carol,Hill,1948-07-07,F,792 Townsend Gateway,South Christopher,FL,81588,500-252-8127x35857,ihoward@example.com,EPO,PAY0009,2025-01-20,,2026-05-17T23:16:36.413667
MBR355123,302-70-8030,Steven,Washington,1970-02-23,M,285 Oconnor Harbor,North Amanda,MI,59402,548-757-0862x0959,barrettamber@example.com,HDHP,PAY0009,2025-10-01,,2026-05-17T23:16:36.414178
MBR656711,158-79-4639,Cheryl,Vega,1992-06-25,F,5118 Bradley Curve Apt. 031,Leeton,VA,75344,+1-567-989-9405x3910,mcdonalddanielle@example.com,POS,PAY0005,2025-09-19,,2026-05-17T23:16:36.414797
MBR575786,814-91-0956,Kristin,Hurley,1968-09-05,F,014 Shirley Path Apt. 138,Lopezhaven,NC,86599,992.888.6195,jacksonhenry@example.com,EPO,PAY0006,2024-12-10,,2026-05-17T23:16:36.415371
MBR856321,454-46-5164,Kathy,Sandoval,1976-09-15,F,6659 Anna Forest Suite 845,Westfurt,OH,00526,001-204-690-8240x4335,clintonstevens@example.org,EPO,PAY0008,2025-12-03,,2026-05-17T23:16:36.416216
MBR899213,239-33-4921,Charles,Richardson,1979-12-28,M,693 Jennifer Turnpike,Thompsonshire,IL,13000,+1-540-296-1055x661,hbrown@example.org,PPO,PAY0009,2024-06-08,,2026-05-17T23:16:36.417379
MBR389930,715-29-2510,Francisco,Cunningham,1962-08-13,M,679 Jeffrey Highway,Hernandezmouth,MD,11320,590.986.4168x6227,mpearson@example.net,HDHP,PAY0004,2025-07-05,,2026-05-17T23:16:36.417968
MBR973074,074-35-7047,Lisa,Fitzgerald,1957-02-17,F,911 Henderson Keys Apt. 559,Port Kevinstad,OH,81270,592.470.3352x110,alexander14@example.com,EPO,PAY0002,2024-05-27,,2026-05-17T23:16:36.418417
MBR416950,217-27-8953,John,Rivera,1990-09-25,M,792 Nicholas Shore Apt. 420,Jamesview,TX,07458,301.764.5104x636,idelacruz@example.org,HDHP,PAY0008,2025-08-29,,2026-05-17T23:16:36.418842
MBR157174,730-03-0652,Cody,Mason,1971-07-17,M,457 Garner Brook,Gabriellestad,MO,82451,838-440-4608x4325,blairabigail@example.net,EPO,PAY0005,2025-10-03,,2026-05-17T23:16:36.419792
MBR889359,247-74-2503,Logan,Garrett,1955-11-07,M,9578 Jamie Dam Apt. 248,South Wendy,TN,19526,+1-892-851-8812x5205,scott42@example.org,HMO,PAY0006,2025-02-23,,2026-05-17T23:16:36.420466
MBR592198,632-35-9923,Brian,Lopez,1992-04-04,M,330 Miller Tunnel,Andersonfort,TN,93826,+1-652-867-7223x3060,juliamcneil@example.org,POS,PAY0007,2025-12-22,,2026-05-17T23:16:36.421009
MBR153872,888-79-8028,Andrea,Ho,2007-06-12,F,3660 Cortez Lock Apt. 817,Wilcoxton,NC,32708,986.408.6803x47644,dphillips@example.net,POS,PAY0005,2025-03-29,,2026-05-17T23:16:36.421475
MBR520172,463-12-8203,Jose,Thomas,1996-11-06,M,98266 Hayes Fall,Garzaborough,TN,60097,345-821-1175,nicholasjames@example.org,HMO,PAY0003,2026-02-13,,2026-05-17T23:16:36.421988
MBR950544,167-19-2931,Thomas,Cunningham,1985-04-03,M,4474 David Curve,North Cindy,MD,33676,5779780973,fortiz@example.net,EPO,PAY0005,2024-01-05,,2026-05-17T23:16:36.422702
MBR224205,635-81-9135,Kyle,Sanchez,1977-08-15,M,22050 Melissa Shores,Markland,MO,06927,462-924-9998,sarah14@example.com,POS,PAY0001,2024-07-22,,2026-05-17T23:16:36.423362
MBR498855,864-71-1064,Jacob,Gray,1944-12-23,M,2145 Warren Square Apt. 901,South Jenniferport,MA,56475,+1-954-989-9529x978,nicolehall@example.com,POS,PAY0001,2025-03-10,,2026-05-17T23:16:36.423907
MBR549660,641-16-3397,Veronica,Smith,1942-01-03,F,0558 Alex Flats Suite 414,Williammouth,MI,01304,755-769-9023,zhendricks@example.org,HDHP,PAY0009,2025-05-08,,2026-05-17T23:16:36.424356
MBR876039,886-69-5491,Matthew,Olson,1983-01-21,M,0849 Peters Brook Apt. 955,East Juantown,NY,44954,(882)399-6291x4504,xwiley@example.com,PPO,PAY0003,2025-05-01,,2026-05-17T23:16:36.424782
MBR185131,180-15-6132,Ronald,Turner,1976-02-09,M,17807 James Orchard,Kimberlyberg,IL,13379,923.207.6810x40915,meyerdonna@example.com,PPO,PAY0006,2024-08-28,,2026-05-17T23:16:36.425229
MBR264136,329-26-3155,Alexander,Blake,1983-11-06,M,8571 Hernandez Harbor Apt. 098,East Amyside,TX,42245,224-493-2149x587,ruizemma@example.org,POS,PAY0005,2024-04-06,,2026-05-17T23:16:36.425693
MBR592738,722-77-9712,Janet,Miller,1967-01-17,F,545 Jennifer Skyway Apt. 792,Port Leahmouth,MI,13249,747.773.3294x562,efreeman@example.com,HMO,PAY0008,2024-02-19,,2026-05-17T23:16:36.426108
MBR396451,290-99-5712,Brian,Mendoza,1997-12-05,M,161 Hawkins Cliffs,Amandafurt,MA,77903,(739)538-2761x53966,elainemiller@example.net,HMO,PAY0009,2024-02-06,,2026-05-17T23:16:36.426560
MBR926097,475-42-9095,Kenneth,Tucker,1980-09-02,M,2461 Gina Ranch,Murphyton,MD,12367,829.902.2784,jamierich@example.com,PPO,PAY0001,2025-11-27,,2026-05-17T23:16:36.426993
MBR335729,092-75-0134,Laura,Gentry,1961-02-05,F,40580 Jacqueline View Suite 140,South Jacqueline,PA,52178,+1-856-766-6832x7238,qmoore@example.org,EPO,PAY0008,2025-03-22,2025-12-14,2026-05-17T23:16:36.427415
MBR273982,674-56-2225,Chad,Jones,1941-06-11,M,67969 Shawn Manors,Cruzbury,MI,24853,(990)797-3846x89500,carpentersuzanne@example.org,HDHP,PAY0008,2023-12-26,2026-01-20,2026-05-17T23:16:36.427876
MBR591465,477-67-1282,Brenda,Simon,2007-04-22,F,71894 Rebecca Place,South Shawnfort,MI,75731,001-956-454-4209x4940,douglaskelly@example.net,POS,PAY0005,2024-07-24,,2026-05-17T23:16:36.428324
MBR617781,518-10-4553,Lori,Mitchell,1945-12-27,F,94440 Cassandra Ramp Apt. 752,Kimberlybury,MA,64060,(880)851-2927,donnabarber@example.org,HMO,PAY0001,2023-11-30,,2026-05-17T23:16:36.428748
MBR870214,658-34-1901,Daniel,Navarro,1963-11-09,M,76747 Noah Squares,Wellsberg,NJ,70027,(704)676-5801x85694,leah49@example.com,HDHP,PAY0007,2023-08-09,,2026-05-17T23:16:36.429326
MBR340044,533-44-2948,Julia,Leonard,1956-10-29,F,001 Robert Pine Apt. 753,Johnathanton,MD,03607,+1-410-393-9111x926,jonowens@example.org,HDHP,PAY0005,2026-03-25,2026-04-12,2026-05-17T23:16:36.429790
MBR804938,709-86-5299,Mark,Livingston,1959-03-08,M,14066 Ferrell Green Suite 271,Krauseborough,NC,80494,(227)312-8639x1741,duncanjohn@example.com,HDHP,PAY0010,2025-03-10,,2026-05-17T23:16:36.430267
MBR283700,001-05-6398,Albert,Jimenez,1984-10-20,M,56908 Mendoza Lodge Apt. 830,Finleyfort,TN,16387,001-785-354-6015,shodges@example.net,HDHP,PAY0004,2026-02-04,,2026-05-17T23:16:36.430677
MBR290305,677-25-4897,Christina,Spencer,2006-03-19,F,57173 Austin Burg Apt. 761,Victormouth,MD,02652,9504506138,sandyjohnson@example.org,POS,PAY0001,2025-01-02,,2026-05-17T23:16:36.431267
MBR592841,047-32-2139,Katherine,Smith,2002-02-09,F,04179 Mary Circles,North Tylerbury,VA,08772,765.565.1982,watkinsmatthew@example.org,POS,PAY0009,2026-01-01,,2026-05-17T23:16:36.432104
MBR209680,379-71-2704,Denise,Todd,1951-10-23,F,90219 Strickland Brook Suite 100,North Jasmine,IL,78322,267-423-2487x6329,fsalazar@example.net,EPO,PAY0006,2026-05-02,,2026-05-17T23:16:36.432821
MBR402218,572-31-3145,Samantha,Turner,1968-11-14,F,195 Steven Road,West Brian,WA,15270,(577)822-0054,matthew70@example.org,HDHP,PAY0004,2023-05-24,,2026-05-17T23:16:36.433578
MBR429795,805-04-7948,Patrick,Buckley,1952-05-05,M,37995 Gonzalez Springs,Jerryville,NC,43247,913.263.6317,nthomas@example.com,EPO,PAY0007,2024-01-17,,2026-05-17T23:16:36.434318
MBR523808,648-46-4419,Christopher,Brooks,1971-07-11,M,2090 Taylor Walk,Ellisburgh,IN,45534,349.829.2983,natkins@example.net,HMO,PAY0009,2024-03-13,,2026-05-17T23:16:36.435116
MBR296694,754-32-4061,Kara,Ford,1941-05-12,F,9392 Robert Cape Apt. 780,Schmidtfort,IN,91812,477-731-8063,john10@example.com,EPO,PAY0007,2025-03-12,,2026-05-17T23:16:36.435729
MBR896907,766-75-0400,Maureen,Martin,1971-08-18,F,2625 Padilla Alley Apt. 658,West Ronaldview,CA,91996,+1-889-731-9508x501,xharvey@example.com,PPO,PAY0007,2025-10-19,,2026-05-17T23:16:36.436302
MBR402020,727-27-2268,Casey,Hansen,1944-12-07,F,81793 Luke Grove Suite 401,Michaelfort,MA,66227,817.488.4795x13711,susan11@example.org,POS,PAY0004,2025-10-04,,2026-05-17T23:16:36.436740
MBR760626,534-81-0372,Donald,Terry,1974-02-24,M,8275 Wallace Rue Apt. 431,Port Lauriehaven,WI,84999,669-455-7988x77492,jeremy54@example.org,PPO,PAY0003,2024-01-05,2024-11-17,2026-05-17T23:16:36.437327
MBR114338,634-21-8771,Charles,Mitchell,2005-06-11,M,22231 Victoria Ports Apt. 745,East Anna,MO,05047,+1-455-925-7828x41067,eric88@example.com,POS,PAY0007,2024-01-30,,2026-05-17T23:16:36.438164
MBR982277,773-74-2410,Matthew,Phillips,2001-05-06,M,1702 Kyle Locks Apt. 751,Brianborough,NY,76972,234.730.1871x86375,bhernandez@example.com,POS,PAY0007,2024-08-09,,2026-05-17T23:16:36.438785
MBR261450,316-58-9192,James,Smith,1963-11-06,M,76742 Chandler Mall,Port Brenda,TN,11783,(334)278-5196,rfowler@example.com,EPO,PAY0004,2024-11-12,,2026-05-17T23:16:36.439616
MBR605937,205-24-6255,Carrie,Murray,1979-01-08,F,704 Snyder Streets Suite 300,West Kevin,TN,84459,+1-771-946-2730x1471,ooneill@example.net,PPO,PAY0005,2023-12-15,,2026-05-17T23:16:36.440316
MBR502219,525-94-9426,Karen,Benson,1948-07-06,F,2902 Murray Square,West Frank,OH,36240,(465)704-4818x321,margaret44@example.net,HDHP,PAY0002,2024-12-16,,2026-05-17T23:16:36.440816
MBR389666,361-19-0212,Michael,Cox,1976-09-28,M,457 Peterson Estates,East Ericbury,AZ,25197,+1-398-488-1671,mendozalarry@example.com,EPO,PAY0007,2025-11-03,,2026-05-17T23:16:36.441474
MBR396578,536-98-5605,Brenda,Ramos,2007-07-31,F,401 David Square,Lake Jeremy,MI,16930,221.561.1076,johnsondonna@example.net,HDHP,PAY0004,2025-11-30,,2026-05-17T23:16:36.442243
MBR568238,068-39-0169,Amy,Wilson,1957-08-04,F,93932 Johnson Drive,Stacystad,MO,46664,(289)538-9119,tamarajackson@example.net,POS,PAY0009,2023-07-23,,2026-05-17T23:16:36.442776
MBR899929,517-91-7778,April,Swanson,2003-04-08,F,927 Henry Knoll Suite 638,South Daniel,MO,41694,271-382-7548,tristan64@example.com,POS,PAY0010,2024-04-13,,2026-05-17T23:16:36.443283
MBR297816,232-71-6673,Lindsay,Collins,2006-10-21,F,3175 Alexander Spring Suite 167,North Douglasfurt,GA,91600,001-812-315-3539,maryhardy@example.com,HDHP,PAY0005,2025-04-05,,2026-05-17T23:16:36.443807
MBR913217,775-83-6558,Pamela,Miranda,1980-10-09,F,9678 Hernandez Motorway Apt. 147,Hallberg,AZ,04396,401-670-2695,wolfdonna@example.net,HMO,PAY0005,2024-07-14,,2026-05-17T23:16:36.444684
MBR839485,678-64-8033,Patricia,Sparks,1954-02-12,F,588 Stephanie Bypass Suite 167,Melissamouth,WA,60749,6028842762,kgallagher@example.net,POS,PAY0009,2024-08-15,,2026-05-17T23:16:36.445198
MBR138817,482-61-9212,John,Spencer,1977-01-29,M,064 Garza Lane,Katieport,PA,42507,7098025590,pattersonvictoria@example.com,HDHP,PAY0005,2025-10-21,,2026-05-17T23:16:36.446159
MBR986088,664-40-9709,Heather,Stanley,1957-03-23,F,141 Jackson Plain,Benjaminchester,MA,74956,964.307.9056x96591,matthewshaw@example.net,HMO,PAY0007,2024-05-15,,2026-05-17T23:16:36.447599
MBR251157,509-82-1235,Gina,Mendez,1965-02-05,F,4049 Ballard Road,Lake Meganville,AZ,78077,741-598-7635x14846,nmorales@example.net,PPO,PAY0004,2025-03-24,2025-08-27,2026-05-17T23:16:36.448367
MBR377896,643-91-8458,Jesse,Hines,1952-08-30,M,737 Giles Place,Michaelton,NJ,68955,757.323.2466,meghanadams@example.com,HDHP,PAY0002,2023-06-14,,2026-05-17T23:16:36.449198
MBR993140,416-31-1861,Maria,Scott,1981-04-15,F,03477 Henderson Camp,East Joseph,NJ,04320,348-820-7001x594,emily16@example.net,HDHP,PAY0003,2024-05-17,,2026-05-17T23:16:36.449667
MBR757246,124-67-9510,Sarah,Young,1979-03-25,F,1391 Murphy Prairie Suite 363,North Gregory,TN,36486,964.590.7851x586,natasha25@example.com,HDHP,PAY0003,2025-07-02,,2026-05-17T23:16:36.450151
MBR346174,621-05-0896,Mike,Underwood,1941-10-22,M,8645 Amanda Freeway,Pricefurt,MI,33994,913-843-2756x0417,jennifer12@example.net,PPO,PAY0005,2026-02-12,,2026-05-17T23:16:36.450586
MBR203225,747-71-5354,Dean,Jones,1969-01-05,M,002 Gibbs Dale Apt. 634,Barbaraville,NY,21187,682.496.5772,lauren31@example.com,POS,PAY0002,2025-12-07,,2026-05-17T23:16:36.451055
MBR130353,230-03-0377,Jacob,Long,1966-01-19,M,73420 Williamson Rapid,Edwardstad,CA,22799,001-510-586-7713,keith76@example.org,EPO,PAY0008,2025-10-19,,2026-05-17T23:16:36.451476
MBR493049,745-87-3103,Jeffrey,Clark,1955-01-16,M,62044 Christine Gateway Suite 971,South Deanmouth,AZ,91336,(936)769-4118x0053,smithwilliam@example.com,PPO,PAY0010,2024-07-29,,2026-05-17T23:16:36.451969
MBR693418,573-06-9511,Eric,Foster,1965-08-12,M,2875 Anderson Island,Thomasville,IL,41561,6277456449,ustafford@example.net,PPO,PAY0008,2023-12-08,,2026-05-17T23:16:36.452427
MBR501126,055-25-2436,Zachary,Gallagher,1950-09-01,M,20742 Graham Park,South Michaelside,WI,64097,671.521.5134x228,foxashley@example.com,PPO,PAY0005,2025-09-26,2026-03-15,2026-05-17T23:16:36.452943
